LTE Bands,LTE MIMO DL,NR Bands,NR MIMO DL,DL Bandwidth per NR band,LTE Uplink bands,NR Uplink bands,NR Uplink bandwidth per band,Uplink MIMO for NR bands
3C + 1A,2+2 + 4,n78A,4,100,1A,n78A,100,1
3C + 1A,2+2 + 4,n78A,4,100,3A,n78A,100,1
1A,2,n40A,4,100,1A,n40A,100,1
1A,2,n41A,4,100,1A,n41A,100,1
1A,2,n77A,4,100,1A,n77A,100,1
1A,2,n78C,4+4,100+100,1A,n78A,100,1
3A,2,n40A,4,100,3A,n40A,100,1
3C,2+2,n41A,4,100,3A,n41A,100,1
3A,2,n77A,4,100,3A,n77A,100,1
3A,2,n78C,4+4,100+100,3A,n78A,100,1
3A,4,n78A,4,100,3A,n78A,100,1
5A,2,n40A,4,100,5A,n40A,100,1
5A,2,n78A,4,100,5A,n78A,100,1
7A,2,n40A,2,100,7A,n40A,100,1
7A,2,n78A,4,100,7A,n78A,100,1
8A,2,n1A,2,40,8A,n1A,40,1
8A,2,n40A,4,100,8A,n40A,100,1
8A,2,n77A,4,100,8A,n77A,100,1
8A,2,n78A,4,100,8A,n78A,100,1
18A,2,n77A,4,100,18A,n77A,100,1
20A,2,n77A,4,100,20A,n77A,100,1
20A,2,n78A,4,100,20A,n78A,100,1
28A,2,n40A,4,100,28A,n40A,100,1
28A,2,n41A,4,100,28A,n41A,100,1
28A,2,n77A,4,100,28A,n77A,100,1
28A,2,n78A,4,100,28A,n78A,100,1
39A,2,n41A,4,100,39A,n41A,100,1
40A,2,n78A,4,100,40A,n78A,100,1
41A,4,n77A,4,100,41A,n77A,100,1
41A,4,n78A,4,100,41A,n78A,100,1
3C + 1A,2+2 + 4,n78A,4,100,1A,n78A,100,1
3C + 1A,2+2 + 4,n78A,4,100,3A,n78A,100,1
1A,2,n40A,4,100,1A,n40A,100,1
1A,2,n41A,4,100,1A,n41A,100,1
1A,2,n77A,4,100,1A,n77A,100,1
1A,2,n78C,4+4,100+100,1A,n78A,100,1
3A,2,n40A,4,100,3A,n40A,100,1
3C,2+2,n41A,4,100,3A,n41A,100,1
3A,2,n77A,4,100,3A,n77A,100,1
3A,2,n78C,4+4,100+100,3A,n78A,100,1
3A,4,n78A,4,100,3A,n78A,100,1
5A,2,n40A,4,100,5A,n40A,100,1
5A,2,n78A,4,100,5A,n78A,100,1
7A,2,n40A,2,100,7A,n40A,100,1
7A,2,n78A,4,100,7A,n78A,100,1
8A,2,n1A,2,40,8A,n1A,40,1
8A,2,n40A,4,100,8A,n40A,100,1
8A,2,n77A,4,100,8A,n77A,100,1
8A,2,n78A,4,100,8A,n78A,100,1
18A,2,n77A,4,100,18A,n77A,100,1
20A,2,n77A,4,100,20A,n77A,100,1
20A,2,n78A,4,100,20A,n78A,100,1
28A,2,n40A,4,100,28A,n40A,100,1
28A,2,n41A,4,100,28A,n41A,100,1
28A,2,n77A,4,100,28A,n77A,100,1
28A,2,n78A,4,100,28A,n78A,100,1
39A,2,n41A,4,100,39A,n41A,100,1
40A,2,n78A,4,100,40A,n78A,100,1
41A,4,n77A,4,100,41A,n77A,100,1
41A,4,n78A,4,100,41A,n78A,100,1
3C + 1A,2+2 + 4,n78A,4,100,1A,n78A,100,1
3C + 1A,2+2 + 4,n78A,4,100,3A,n78A,100,1
1A,2,n40A,4,100,1A,n40A,100,1
1A,2,n41A,4,100,1A,n41A,100,1
1A,2,n77A,4,100,1A,n77A,100,1
1A,2,n78C,4+4,100+100,1A,n78A,100,1
3A,2,n40A,4,100,3A,n40A,100,1
3C,2+2,n41A,4,100,3A,n41A,100,1
3A,2,n77A,4,100,3A,n77A,100,1
3A,2,n78C,4+4,100+100,3A,n78A,100,1
3A,4,n78A,4,100,3A,n78A,100,1
5A,2,n40A,4,100,5A,n40A,100,1
5A,2,n78A,4,100,5A,n78A,100,1
7A,2,n40A,2,100,7A,n40A,100,1
7A,2,n78A,4,100,7A,n78A,100,1
8A,2,n1A,2,40,8A,n1A,40,1
8A,2,n40A,4,100,8A,n40A,100,1
8A,2,n77A,4,100,8A,n77A,100,1
8A,2,n78A,4,100,8A,n78A,100,1
18A,2,n77A,4,100,18A,n77A,100,1
20A,2,n77A,4,100,20A,n77A,100,1
20A,2,n78A,4,100,20A,n78A,100,1
28A,2,n40A,4,100,28A,n40A,100,1
28A,2,n41A,4,100,28A,n41A,100,1
28A,2,n77A,4,100,28A,n77A,100,1
28A,2,n78A,4,100,28A,n78A,100,1
39A,2,n41A,4,100,39A,n41A,100,1
40A,2,n78A,4,100,40A,n78A,100,1
41A,4,n77A,4,100,41A,n77A,100,1
41A,4,n78A,4,100,41A,n78A,100,1
3C + 1A,2+2 + 4,n78A,4,100,1A,n78A,100,1
3C + 1A,2+2 + 4,n78A,4,100,3A,n78A,100,1
1A,2,n40A,4,100,1A,n40A,100,1
1A,2,n41A,4,100,1A,n41A,100,1
1A,2,n77A,4,100,1A,n77A,100,1
1A,2,n78C,4+4,100+100,1A,n78A,100,1
3A,2,n40A,4,100,3A,n40A,100,1
3C,2+2,n41A,4,100,3A,n41A,100,1
3A,2,n77A,4,100,3A,n77A,100,1
3A,2,n78C,4+4,100+100,3A,n78A,100,1
3A,4,n78A,4,100,3A,n78A,100,1
5A,2,n40A,4,100,5A,n40A,100,1
5A,2,n78A,4,100,5A,n78A,100,1
7A,2,n40A,2,100,7A,n40A,100,1
7A,2,n78A,4,100,7A,n78A,100,1
8A,2,n1A,2,40,8A,n1A,40,1
8A,2,n40A,4,100,8A,n40A,100,1
8A,2,n77A,4,100,8A,n77A,100,1
8A,2,n78A,4,100,8A,n78A,100,1
18A,2,n77A,4,100,18A,n77A,100,1
20A,2,n77A,4,100,20A,n77A,100,1
20A,2,n78A,4,100,20A,n78A,100,1
28A,2,n40A,4,100,28A,n40A,100,1
28A,2,n41A,4,100,28A,n41A,100,1
28A,2,n77A,4,100,28A,n77A,100,1
28A,2,n78A,4,100,28A,n78A,100,1
39A,2,n41A,4,100,39A,n41A,100,1
40A,2,n78A,4,100,40A,n78A,100,1
41A,4,n77A,4,100,41A,n77A,100,1
41A,4,n78A,4,100,41A,n78A,100,1
3C + 1A,2+2 + 4,n78A,4,100,1A,n78A,100,1
3C + 1A,2+2 + 4,n78A,4,100,3A,n78A,100,1
1A,2,n40A,4,100,1A,n40A,100,1
1A,2,n41A,4,100,1A,n41A,100,1
1A,2,n77A,4,100,1A,n77A,100,1
1A,2,n78C,4+4,100+100,1A,n78A,100,1
3A,2,n40A,4,100,3A,n40A,100,1
3C,2+2,n41A,4,100,3A,n41A,100,1
3A,2,n77A,4,100,3A,n77A,100,1
3A,2,n78C,4+4,100+100,3A,n78A,100,1
3A,4,n78A,4,100,3A,n78A,100,1
5A,2,n40A,4,100,5A,n40A,100,1
5A,2,n78A,4,100,5A,n78A,100,1
7A,2,n40A,2,100,7A,n40A,100,1
7A,2,n78A,4,100,7A,n78A,100,1
8A,2,n1A,2,40,8A,n1A,40,1
8A,2,n40A,4,100,8A,n40A,100,1
8A,2,n77A,4,100,8A,n77A,100,1
8A,2,n78A,4,100,8A,n78A,100,1
18A,2,n77A,4,100,18A,n77A,100,1
20A,2,n77A,4,100,20A,n77A,100,1
20A,2,n78A,4,100,20A,n78A,100,1
28A,2,n40A,4,100,28A,n40A,100,1
28A,2,n41A,4,100,28A,n41A,100,1
28A,2,n77A,4,100,28A,n77A,100,1
28A,2,n78A,4,100,28A,n78A,100,1
39A,2,n41A,4,100,39A,n41A,100,1
40A,2,n78A,4,100,40A,n78A,100,1
41A,4,n77A,4,100,41A,n77A,100,1
41A,4,n78A,4,100,41A,n78A,100,1
3C + 1A,2+2 + 4,n78A,4,100,1A,n78A,100,1
3C + 1A,2+2 + 4,n78A,4,100,3A,n78A,100,1
1A,2,n40A,4,100,1A,n40A,100,1
1A,2,n41A,4,100,1A,n41A,100,1
1A,2,n77A,4,100,1A,n77A,100,1
1A,2,n78C,4+4,100+100,1A,n78A,100,1
3A,2,n40A,4,100,3A,n40A,100,1
3C,2+2,n41A,4,100,3A,n41A,100,1
3A,2,n77A,4,100,3A,n77A,100,1
3A,2,n78C,4+4,100+100,3A,n78A,100,1
3A,4,n78A,4,100,3A,n78A,100,1
5A,2,n40A,4,100,5A,n40A,100,1
5A,2,n78A,4,100,5A,n78A,100,1
7A,2,n40A,2,100,7A,n40A,100,1
7A,2,n78A,4,100,7A,n78A,100,1
8A,2,n1A,2,40,8A,n1A,40,1
8A,2,n40A,4,100,8A,n40A,100,1
8A,2,n77A,4,100,8A,n77A,100,1
8A,2,n78A,4,100,8A,n78A,100,1
18A,2,n77A,4,100,18A,n77A,100,1
20A,2,n77A,4,100,20A,n77A,100,1
20A,2,n78A,4,100,20A,n78A,100,1
28A,2,n40A,4,100,28A,n40A,100,1
28A,2,n41A,4,100,28A,n41A,100,1
28A,2,n77A,4,100,28A,n77A,100,1
28A,2,n78A,4,100,28A,n78A,100,1
39A,2,n41A,4,100,39A,n41A,100,1
40A,2,n78A,4,100,40A,n78A,100,1
41A,4,n77A,4,100,41A,n77A,100,1
41A,4,n78A,4,100,41A,n78A,100,1
